race_id,event_ticker
H2026AK00,HOUSEAKAL-26
H2026AL01,KXHOUSERACE-AL01-26
H2026AL02,KXHOUSERACE-AL02-26
H2026AL03,KXHOUSERACE-AL03-26
H2026AL04,KXHOUSERACE-AL04-26
H2026AL05,KXHOUSERACE-AL05-26
H2026AL06,KXHOUSERACE-AL06-26
H2026AL07,KXHOUSERACE-AL07-26
H2026AR01,KXHOUSERACE-AR01-26
H2026AR02,KXHOUSERACE-AR02-26
H2026AR03,KXHOUSERACE-AR03-26
H2026AR04,KXHOUSERACE-AR04-26
H2026AZ01,HOUSEAZ1-26
H2026AZ02,HOUSEAZ2-26
H2026AZ03,KXHOUSERACE-AZ03-26
H2026AZ04,KXHOUSERACE-AZ04-26
H2026AZ05,KXHOUSERACE-AZ05-26
H2026AZ06,HOUSEAZ6-26
H2026AZ07,KXHOUSERACE-AZ07-26
H2026AZ08,KXHOUSERACE-AZ08-26
H2026AZ09,KXHOUSERACE-AZ09-26
H2026CA01,KXHOUSERACE-CA01-26
H2026CA02,KXHOUSERACE-CA02-26
H2026CA03,HOUSECA3-26
H2026CA04,KXHOUSERACE-CA04-26
H2026CA05,KXHOUSERACE-CA05-26
H2026CA06,KXHOUSERACE-CA06-26
H2026CA07,KXHOUSERACE-CA07-26
H2026CA08,KXHOUSERACE-CA08-26
H2026CA09,HOUSECA9-26
H2026CA10,KXHOUSERACE-CA10-26
H2026CA11,KXHOUSERACE-CA11-26
H2026CA12,KXHOUSERACE-CA12-26
H2026CA13,HOUSECA13-26
H2026CA14,KXHOUSERACE-CA14-26
H2026CA15,KXHOUSERACE-CA15-26
H2026CA16,KXHOUSERACE-CA16-26
H2026CA17,KXHOUSERACE-CA17-26
H2026CA18,KXHOUSERACE-CA18-26
H2026CA19,KXHOUSERACE-CA19-26
H2026CA20,KXHOUSERACE-CA20-26
H2026CA21,HOUSECA21-26
H2026CA22,HOUSECA22-26
H2026CA23,KXHOUSERACE-CA23-26
H2026CA24,KXHOUSERACE-CA24-26
H2026CA25,KXHOUSERACE-CA25-26
H2026CA26,KXHOUSERACE-CA26-26
H2026CA27,HOUSECA27-26
H2026CA28,KXHOUSERACE-CA28-26
H2026CA29,KXHOUSERACE-CA29-26
H2026CA30,KXHOUSERACE-CA30-26
H2026CA31,KXHOUSERACE-CA31-26
H2026CA32,KXHOUSERACE-CA32-26
H2026CA33,KXHOUSERACE-CA33-26
H2026CA34,KXHOUSERACE-CA34-26
H2026CA35,KXHOUSERACE-CA35-26
H2026CA36,KXHOUSERACE-CA36-26
H2026CA37,KXHOUSERACE-CA37-26
H2026CA38,KXHOUSERACE-CA38-26
H2026CA39,KXHOUSERACE-CA39-26
H2026CA40,HOUSECA40-26
H2026CA41,HOUSECA41-26
H2026CA42,KXHOUSERACE-CA42-26
H2026CA43,KXHOUSERACE-CA43-26
H2026CA44,KXHOUSERACE-CA44-26
H2026CA45,HOUSECA45-26
H2026CA46,KXHOUSERACE-CA46-26
H2026CA47,HOUSECA47-26
H2026CA48,KXHOUSERACE-CA48-26
H2026CA49,HOUSECA49-26
H2026CA50,KXHOUSERACE-CA50-26
H2026CA51,KXHOUSERACE-CA51-26
H2026CA52,KXHOUSERACE-CA52-26
H2026CO01,KXHOUSERACE-CO01-26
H2026CO02,KXHOUSERACE-CO02-26
H2026CO03,HOUSECO3-26
H2026CO04,KXHOUSERACE-CO04-26
H2026CO05,KXHOUSERACE-CO05-26
H2026CO06,KXHOUSERACE-CO06-26
H2026CO07,KXHOUSERACE-CO07-26
H2026CO08,HOUSECO8-26
H2026CT01,KXHOUSERACE-CT01-26
H2026CT02,KXHOUSERACE-CT02-26
H2026CT03,KXHOUSERACE-CT03-26
H2026CT04,KXHOUSERACE-CT04-26
H2026CT05,HOUSECT5-26
H2026DE00,KXHOUSERACE-DEAL-26
H2026FL01,KXHOUSERACE-FL01-26
H2026FL02,KXHOUSERACE-FL02-26
H2026FL03,KXHOUSERACE-FL03-26
H2026FL04,KXHOUSERACE-FL04-26
H2026FL05,KXHOUSERACE-FL05-26
H2026FL06,KXHOUSERACE-FL06-26
H2026FL07,KXHOUSERACE-FL07-26
H2026FL08,KXHOUSERACE-FL08-26
H2026FL09,KXHOUSERACE-FL09-26
H2026FL10,KXHOUSERACE-FL10-26
H2026FL11,KXHOUSERACE-FL11-26
H2026FL12,KXHOUSERACE-FL12-26
H2026FL13,HOUSEFL13-26
H2026FL14,KXHOUSERACE-FL14-26
H2026FL15,KXHOUSERACE-FL15-26
H2026FL16,KXHOUSERACE-FL16-26
H2026FL17,KXHOUSERACE-FL17-26
H2026FL18,KXHOUSERACE-FL18-26
H2026FL19,KXHOUSERACE-FL19-26
H2026FL20,KXHOUSERACE-FL20-26
H2026FL21,KXHOUSERACE-FL21-26
H2026FL22,KXHOUSERACE-FL22-26
H2026FL23,HOUSEFL23-26
H2026FL24,KXHOUSERACE-FL24-26
H2026FL25,KXHOUSERACE-FL25-26
H2026FL26,KXHOUSERACE-FL26-26
H2026FL27,KXHOUSERACE-FL27-26
H2026FL28,KXHOUSERACE-FL28-26
H2026GA01,KXHOUSERACE-GA01-26
H2026GA02,KXHOUSERACE-GA02-26
H2026GA03,KXHOUSERACE-GA03-26
H2026GA04,KXHOUSERACE-GA04-26
H2026GA05,KXHOUSERACE-GA05-26
H2026GA06,KXHOUSERACE-GA06-26
H2026GA07,KXHOUSERACE-GA07-26
H2026GA08,KXHOUSERACE-GA08-26
H2026GA09,KXHOUSERACE-GA09-26
H2026GA10,KXHOUSERACE-GA10-26
H2026GA11,KXHOUSERACE-GA11-26
H2026GA12,KXHOUSERACE-GA12-26
H2026GA13,KXHOUSERACE-GA13-26
H2026GA14,KXHOUSERACE-GA14-26
H2026HI01,KXHOUSERACE-HI01-26
H2026HI02,KXHOUSERACE-HI02-26
H2026IA01,HOUSEIA1-26
H2026IA02,KXHOUSERACE-IA02-26
H2026IA03,HOUSEIA3-26
H2026IA04,KXHOUSERACE-IA04-26
H2026ID01,KXHOUSERACE-ID01-26
H2026ID02,KXHOUSERACE-ID02-26
H2026IL01,KXHOUSERACE-IL01-26
H2026IL02,KXHOUSERACE-IL02-26
H2026IL03,KXHOUSERACE-IL03-26
H2026IL04,KXHOUSERACE-IL04-26
H2026IL05,KXHOUSERACE-IL05-26
H2026IL06,KXHOUSERACE-IL06-26
H2026IL07,KXHOUSERACE-IL07-26
H2026IL08,KXHOUSERACE-IL08-26
H2026IL09,KXHOUSERACE-IL09-26
H2026IL10,KXHOUSERACE-IL10-26
H2026IL11,KXHOUSERACE-IL11-26
H2026IL12,KXHOUSERACE-IL12-26
H2026IL13,KXHOUSERACE-IL13-26
H2026IL14,KXHOUSERACE-IL14-26
H2026IL15,KXHOUSERACE-IL15-26
H2026IL16,KXHOUSERACE-IL16-26
H2026IL17,HOUSEIL17-26
H2026IN01,HOUSEIN1-26
H2026IN02,KXHOUSERACE-IN02-26
H2026IN03,KXHOUSERACE-IN03-26
H2026IN04,KXHOUSERACE-IN04-26
H2026IN05,KXHOUSERACE-IN05-26
H2026IN06,KXHOUSERACE-IN06-26
H2026IN07,KXHOUSEIN7-26
H2026IN08,KXHOUSERACE-IN08-26
H2026IN09,KXHOUSERACE-IN09-26
H2026KS01,KXHOUSERACE-KS01-26
H2026KS02,KXHOUSERACE-KS02-26
H2026KS03,KXHOUSERACE-KS03-26
H2026KS04,KXHOUSERACE-KS04-26
H2026KY01,KXHOUSERACE-KY01-26
H2026KY02,KXHOUSERACE-KY02-26
H2026KY03,KXHOUSERACE-KY03-26
H2026KY04,KXHOUSERACE-KY04-26
H2026KY05,KXHOUSERACE-KY05-26
H2026KY06,KXHOUSERACE-KY06-26
H2026LA01,KXHOUSERACE-LA01-26
H2026LA02,KXHOUSERACE-LA02-26
H2026LA03,KXHOUSERACE-LA03-26
H2026LA04,KXHOUSERACE-LA04-26
H2026LA05,KXHOUSERACE-LA05-26
H2026LA06,KXHOUSERACE-LA06-26
H2026MA01,KXHOUSERACE-MA01-26
H2026MA02,KXHOUSERACE-MA02-26
H2026MA03,KXHOUSERACE-MA03-26
H2026MA04,KXHOUSERACE-MA04-26
H2026MA05,KXHOUSERACE-MA05-26
H2026MA06,KXHOUSERACE-MA06-26
H2026MA07,KXHOUSERACE-MA07-26
H2026MA08,KXHOUSERACE-MA08-26
H2026MA09,KXHOUSERACE-MA09-26
H2026MD01,KXHOUSERACE-MD01-26
H2026MD02,KXHOUSERACE-MD02-26
H2026MD03,KXHOUSERACE-MD03-26
H2026MD04,KXHOUSERACE-MD04-26
H2026MD05,KXHOUSERACE-MD05-26
H2026MD06,KXHOUSERACE-MD06-26
H2026MD07,KXHOUSERACE-MD07-26
H2026MD08,KXHOUSERACE-MD08-26
H2026ME01,KXHOUSERACE-ME01-26
H2026ME02,HOUSEME2-26
H2026MI01,KXHOUSERACE-MI01-26
H2026MI02,KXHOUSERACE-MI02-26
H2026MI03,HOUSEMI3-26
H2026MI04,HOUSEMI4-26
H2026MI05,KXHOUSERACE-MI05-26
H2026MI06,KXHOUSERACE-MI06-26
H2026MI07,HOUSEMI7-26
H2026MI08,HOUSEMI8-26
H2026MI09,KXHOUSERACE-MI09-26
H2026MI10,HOUSEMI10-26
H2026MI11,KXHOUSERACE-MI11-26
H2026MI12,KXHOUSERACE-MI12-26
H2026MI13,KXHOUSERACE-MI13-26
H2026MN01,KXHOUSERACE-MN01-26
H2026MN02,HOUSEMN2-26
H2026MN03,KXHOUSERACE-MN03-26
H2026MN04,KXHOUSERACE-MN04-26
H2026MN05,KXHOUSERACE-MN05-26
H2026MN06,KXHOUSERACE-MN06-26
H2026MN07,KXHOUSERACE-MN07-26
H2026MN08,KXHOUSERACE-MN08-26
H2026MO01,KXHOUSERACE-MO01-26
H2026MO02,KXHOUSERACE-MO02-26
H2026MO03,KXHOUSERACE-MO03-26
H2026MO04,KXHOUSERACE-MO04-26
H2026MO05,KXHOUSEMO5-26
H2026MO06,KXHOUSERACE-MO06-26
H2026MO07,KXHOUSERACE-MO07-26
H2026MO08,KXHOUSERACE-MO08-26
H2026MS01,KXHOUSERACE-MS01-26
H2026MS02,KXHOUSERACE-MS02-26
H2026MS03,KXHOUSERACE-MS03-26
H2026MS04,KXHOUSERACE-MS04-26
H2026MT01,HOUSEMT1-26
H2026MT02,KXHOUSERACE-MT02-26
H2026NC01,HOUSENC1-26
H2026NC02,KXHOUSERACE-NC02-26
H2026NC03,KXHOUSERACE-NC03-26
H2026NC04,KXHOUSERACE-NC04-26
H2026NC05,KXHOUSERACE-NC05-26
H2026NC06,KXHOUSERACE-NC06-26
H2026NC07,KXHOUSERACE-NC07-26
H2026NC08,KXHOUSERACE-NC08-26
H2026NC09,KXHOUSERACE-NC09-26
H2026NC10,KXHOUSERACE-NC10-26
H2026NC11,KXHOUSENC11-26
H2026NC12,KXHOUSERACE-NC12-26
H2026NC13,KXHOUSERACE-NC13-26
H2026NC14,KXHOUSERACE-NC14-26
H2026ND00,KXHOUSERACE-NDAL-26
H2026NE01,KXHOUSERACE-NE01-26
H2026NE02,HOUSENE2-26
H2026NE03,KXHOUSERACE-NE03-26
H2026NH01,HOUSENH1-26
H2026NH02,KXHOUSERACE-NH02-26
H2026NJ01,KXHOUSERACE-NJ01-26
H2026NJ02,KXHOUSERACE-NJ02-26
H2026NJ03,KXHOUSERACE-NJ03-26
H2026NJ04,KXHOUSERACE-NJ04-26
H2026NJ05,HOUSENJ5-26
H2026NJ06,KXHOUSERACE-NJ06-26
H2026NJ07,HOUSENJ7-26
H2026NJ08,KXHOUSERACE-NJ08-26
H2026NJ09,HOUSENJ9-26
H2026NJ10,KXHOUSERACE-NJ10-26
H2026NJ11,KXHOUSERACE-NJ11-26
H2026NJ12,KXHOUSERACE-NJ12-26
H2026NM01,KXHOUSERACE-NM01-26
H2026NM02,HOUSENM2-26
H2026NM03,KXHOUSERACE-NM03-26
H2026NV01,HOUSENV1-26
H2026NV02,KXHOUSERACE-NV02-26
H2026NV03,HOUSENV3-26
H2026NV04,HOUSENV4-26
H2026NY01,KXHOUSERACE-NY01-26
H2026NY02,KXHOUSERACE-NY02-26
H2026NY03,HOUSENY3-26
H2026NY04,HOUSENY4-26
H2026NY05,KXHOUSERACE-NY05-26
H2026NY06,KXHOUSERACE-NY06-26
H2026NY07,KXHOUSERACE-NY07-26
H2026NY08,KXHOUSERACE-NY08-26
H2026NY09,KXHOUSERACE-NY09-26
H2026NY10,KXHOUSERACE-NY10-26
H2026NY11,KXHOUSERACE-NY11-26
H2026NY12,KXHOUSERACE-NY12-26
H2026NY13,KXHOUSERACE-NY13-26
H2026NY14,KXHOUSERACE-NY14-26
H2026NY15,KXHOUSERACE-NY15-26
H2026NY16,KXHOUSERACE-NY16-26
H2026NY17,HOUSENY17-26
H2026NY18,HOUSENY18-26
H2026NY19,HOUSENY19-26
H2026NY20,KXHOUSERACE-NY20-26
H2026NY21,KXHOUSERACE-NY21-26
H2026NY22,HOUSENY22-26
H2026NY23,KXHOUSERACE-NY23-26
H2026NY24,KXHOUSERACE-NY24-26
H2026NY25,KXHOUSERACE-NY25-26
H2026NY26,KXHOUSERACE-NY26-26
H2026OH01,HOUSEOH1-26
H2026OH02,KXHOUSERACE-OH02-26
H2026OH03,KXHOUSERACE-OH03-26
H2026OH04,KXHOUSERACE-OH04-26
H2026OH05,KXHOUSERACE-OH05-26
H2026OH06,KXHOUSERACE-OH06-26
H2026OH07,KXHOUSERACE-OH07-26
H2026OH08,KXHOUSERACE-OH08-26
H2026OH09,HOUSEOH9-26
H2026OH10,KXHOUSERACE-OH10-26
H2026OH11,KXHOUSERACE-OH11-26
H2026OH12,KXHOUSERACE-OH12-26
H2026OH13,HOUSEOH13-26
H2026OH14,KXHOUSERACE-OH14-26
H2026OH15,KXHOUSERACE-OH15-26
H2026OK01,KXHOUSERACE-OK01-26
H2026OK02,KXHOUSERACE-OK02-26
H2026OK03,KXHOUSERACE-OK03-26
H2026OK04,KXHOUSERACE-OK04-26
H2026OK05,KXHOUSERACE-OK05-26
H2026OR01,KXHOUSERACE-OR01-26
H2026OR02,KXHOUSERACE-OR02-26
H2026OR03,KXHOUSERACE-OR03-26
H2026OR04,KXHOUSERACE-OR04-26
H2026OR05,HOUSEOR5-26
H2026OR06,KXHOUSERACE-OR06-26
H2026PA01,HOUSEPA1-26
H2026PA02,KXHOUSERACE-PA02-26
H2026PA03,KXHOUSERACE-PA03-26
H2026PA04,KXHOUSERACE-PA04-26
H2026PA05,KXHOUSERACE-PA05-26
H2026PA06,KXHOUSERACE-PA06-26
H2026PA07,HOUSEPA7-26
H2026PA08,HOUSEPA8-26
H2026PA09,KXHOUSERACE-PA09-26
H2026PA10,HOUSEPA10-26
H2026PA11,KXHOUSERACE-PA11-26
H2026PA12,KXHOUSERACE-PA12-26
H2026PA13,KXHOUSERACE-PA13-26
H2026PA14,KXHOUSERACE-PA14-26
H2026PA15,KXHOUSERACE-PA15-26
H2026PA16,KXHOUSERACE-PA16-26
H2026PA17,HOUSEPA17-26
H2026RI01,KXHOUSERACE-RI01-26
H2026RI02,KXHOUSERACE-RI02-26
H2026SC01,KXHOUSERACE-SC01-26
H2026SC02,KXHOUSERACE-SC02-26
H2026SC03,KXHOUSERACE-SC03-26
H2026SC04,KXHOUSERACE-SC04-26
H2026SC05,KXHOUSERACE-SC05-26
H2026SC06,KXHOUSERACE-SC06-26
H2026SC07,KXHOUSERACE-SC07-26
H2026SD00,KXHOUSERACE-SDAL-26
H2026TN01,KXHOUSERACE-TN01-26
H2026TN02,KXHOUSERACE-TN02-26
H2026TN03,KXHOUSERACE-TN03-26
H2026TN04,KXHOUSERACE-TN04-26
H2026TN05,KXHOUSERACE-TN05-26
H2026TN06,KXHOUSERACE-TN06-26
H2026TN07,KXHOUSERACE-TN07-26
H2026TN08,KXHOUSERACE-TN08-26
H2026TN09,KXHOUSERACE-TN09-26
H2026TX01,KXHOUSERACE-TX01-26
H2026TX02,KXHOUSERACE-TX02-26
H2026TX03,KXHOUSERACE-TX03-26
H2026TX04,KXHOUSERACE-TX04-26
H2026TX05,KXHOUSERACE-TX05-26
H2026TX06,KXHOUSERACE-TX06-26
H2026TX07,KXHOUSERACE-TX07-26
H2026TX08,KXHOUSERACE-TX08-26
H2026TX09,KXHOUSETX9-26
H2026TX10,KXHOUSERACE-TX10-26
H2026TX11,KXHOUSERACE-TX11-26
H2026TX12,KXHOUSERACE-TX12-26
H2026TX13,KXHOUSERACE-TX13-26
H2026TX14,KXHOUSERACE-TX14-26
H2026TX15,HOUSETX15-26
H2026TX16,KXHOUSERACE-TX16-26
H2026TX17,KXHOUSERACE-TX17-26
H2026TX18,KXHOUSERACE-TX18-26
H2026TX19,KXHOUSERACE-TX19-26
H2026TX20,KXHOUSERACE-TX20-26
H2026TX21,KXHOUSERACE-TX21-26
H2026TX22,KXHOUSERACE-TX22-26
H2026TX23,KXHOUSERACE-TX23-26
H2026TX24,KXHOUSERACE-TX24-26
H2026TX25,KXHOUSERACE-TX25-26
H2026TX26,KXHOUSERACE-TX26-26
H2026TX27,KXHOUSERACE-TX27-26
H2026TX28,HOUSETX28-26
H2026TX29,KXHOUSERACE-TX29-26
H2026TX30,KXHOUSERACE-TX30-26
H2026TX31,KXHOUSERACE-TX31-26
H2026TX32,KXHOUSETX32-26
H2026TX33,KXHOUSERACE-TX33-26
H2026TX34,HOUSETX34-26
H2026TX35,KXHOUSETX35-26
H2026TX36,KXHOUSERACE-TX36-26
H2026TX37,KXHOUSERACE-TX37-26
H2026TX38,KXHOUSERACE-TX38-26
H2026UT01,KXHOUSEUT01-26
H2026UT02,KXHOUSEUT02-26
H2026UT03,KXHOUSEUT03-26
H2026UT04,KXHOUSERACE-UT04-26
H2026VA01,HOUSEVA1-26
H2026VA02,HOUSEVA2-26
H2026VA03,KXHOUSERACE-VA03-26
H2026VA04,KXHOUSERACE-VA04-26
H2026VA05,KXHOUSERACE-VA05-26
H2026VA06,KXHOUSERACE-VA06-26
H2026VA07,HOUSEVA7-26
H2026VA08,KXHOUSERACE-VA08-26
H2026VA09,KXHOUSERACE-VA09-26
H2026VA10,KXHOUSEVA10-26
H2026VA11,KXHOUSERACE-VA11-26
H2026VT00,KXHOUSERACE-VTAL-26
H2026WA01,KXHOUSERACE-WA01-26
H2026WA02,KXHOUSERACE-WA02-26
H2026WA03,HOUSEWA3-26
H2026WA04,KXHOUSERACE-WA04-26
H2026WA05,KXHOUSERACE-WA05-26
H2026WA06,KXHOUSERACE-WA06-26
H2026WA07,KXHOUSERACE-WA07-26
H2026WA08,KXHOUSEWA8-26
H2026WA09,KXHOUSERACE-WA09-26
H2026WA10,KXHOUSERACE-WA10-26
H2026WI01,HOUSEWI1-26
H2026WI02,KXHOUSERACE-WI02-26
H2026WI03,HOUSEWI3-26
H2026WI04,KXHOUSERACE-WI04-26
H2026WI05,KXHOUSERACE-WI05-26
H2026WI06,KXHOUSERACE-WI06-26
H2026WI07,KXHOUSERACE-WI07-26
H2026WI08,KXHOUSERACE-WI08-26
H2026WV01,KXHOUSERACE-WV01-26
H2026WV02,KXHOUSERACE-WV02-26
H2026WY00,KXHOUSERACE-WYAL-26
S2026AK02,SENATEAK-26
S2026AL02,SENATEAL-26
S2026AR02,SENATEAR-26
S2026CO02,SENATECO-26
S2026DE02,SENATEDE-26
S2026GA02,SENATEGA-26
S2026FL03,SENATEFLS-26
S2026IA02,SENATEIA-26
S2026ID02,SENATEID-26
S2026IL02,SENATEIL-26
S2026KY02,SENATELA-26
S2026KS02,SENATEKS-26
S2026LA02,KXSENATELA-26NOV
S2026MA02,SENATEMA-26
S2026ME02,SENATEME-26
S2026MI02,SENATEMI-26
S2026MN02,SENATEMN-26
S2026MS02,SENATEMS-26
S2026MT02,SENATEMT-26
S2026NC02,SENATENC-26
S2026NE02,SENATENE-26
S2026NH02,SENATENH-26
S2026NJ02,SENATENJ-26
S2026NM02,SENATENM-26
S2026OH03,SENATEOHS-26
S2026OK02,SENATEOK-26
S2026OR02,SENATEOR-26
S2026RI02,SENATERI-26
S2026SC02,SENATESC-26
S2026SD02,SENATESD-26
S2026TN02,SENATETN-26
S2026TX02,SENATETX-26
S2026VA02,SENATEVA-26
S2026WV02,SENATEWV-26
S2026WY02,SENATEWY-26
G2026AK00,KXGOVAK-26
G2026AL00,GOVPARTYAL-26
G2026AR00,GOVPARTYAR-26
G2026AZ00,GOVPARTYAZ-26
G2026CA00,KXGOVCA-26
G2026CO00,GOVPARTYCO-26
G2026CT00,GOVPARTYCT-26
G2026FL00,GOVPARTYFL-26
G2026GA00,GOVPARTYGA-26
G2026HI00,GOVPARTYHI-26
G2026IA00,GOVPARTYIA-26
G2026ID00,GOVPARTYID-26
G2026IL00,GOVPARTYIL-26
G2026KS00,GOVPARTYKS-27
G2026MA00,GOVPARTYMA-26
G2026MD00,GOVPARTYMD-26
G2026ME00,GOVPARTYME-26
G2026MI00,GOVPARTYMI-26
G2026MN00,GOVPARTYMN-26
G2026NE00,GOVPARTYNE-26
G2026NH00,GOVPARTYNH-28
G2026NM00,GOVPARTYNM-26
G2026NV00,GOVPARTYNV-26
G2026NY00,GOVPARTYNY-26
G2026OH00,GOVPARTYOH-26
G2026OK00,GOVPARTYOK-26
G2026OR00,GOVPARTYOR-26
G2026PA00,GOVPARTYPA-26
G2026RI00,GOVPARTYRI-26
G2026SC00,GOVPARTYSC-26
G2026SD00,GOVPARTYSD-26
G2026TN00,GOVPARTYTN-26
G2026TX00,GOVPARTYTX-26
G2026VT00,GOVPARTYVT-26
G2026WI00,GOVPARTYWI-26
G2026WY00,GOVPARTYWY-26